{"last_download_success": 1615652026.0881803, "last_download_failure": 1615664491.2702034}