{"last_download_success": 1615664452.8615215, "last_download_failure": 1615664453.8651428}